{
  "top_str": 98.24114759545407,
  "top_r": 0.21465697026955138,
  "top_g": 0.9987901470368427,
  "top_b": 0.024258218263582924,
  "bot_str": 21.39611704621948,
  "bot_r": 0.46299609645632805,
  "bot_g": 0.7218935607208614,
  "bot_b": 0.9716074245246298,
  "left_str": 49.600412676873184,
  "left_r": 0.6329701782719315,
  "left_g": 0.3946606838643986,
  "left_b": 0.08427098132987712,
  "right_str": 101.6338126167221,
  "right_r": 0.8335677538234985,
  "right_g": 0.03556159130807304,
  "right_b": 0.00047434987386278947,
  "lg_str": 80.41898151781726,
  "lg_r": 0.008754889859052152,
  "lg_g": 0.6027455263323888,
  "lg_b": 0.01276080973812408,
  "rg_str": 125.76898463246843,
  "rg_r": 0.25810529674218247,
  "rg_g": 0.9491190109126436,
  "rg_b": 0.02460321781025627
}