{
  "world_strength": 3.4326636150342726,
  "dof_fstop": 1.3126558888690982,
  "obj_r": 0.03,
  "obj_g": 0.18,
  "obj_b": 0.75,
  "obj_roughness": 0.14716945760428135,
  "plat_r": 0.15575299874447607,
  "plat_g": 0.5831247596027433,
  "plat_b": 0.5095449754544282,
  "plat_roughness": 0.44702141342367463,
  "plat_metallic": 0.5310385453375079,
  "barrel_k1": 0.12567889293828077,
  "blur_sigma": 0.7575497345244937,
  "vignette": 0.2760476209471492
}