{
  "top_str": 111.68886881742097,
  "top_r": 0.12840435290631466,
  "top_g": 0.38984550013638475,
  "top_b": 0.7581100947678923,
  "bot_str": 80.12494775682322,
  "bot_r": 0.36998244107260203,
  "bot_g": 0.22962444598293363,
  "bot_b": 0.20022516668341314,
  "left_str": 61.429345433755266,
  "left_r": 0.8603553891795412,
  "left_g": 0.23384694741626016,
  "left_b": 0.14439975445336498,
  "right_str": 105.69868963110252,
  "right_r": 0.4004672595046086,
  "right_g": 0.6953269355747306,
  "right_b": 0.18524445288831498,
  "lg_str": 52.81572123417967,
  "lg_r": 0.004239783131830445,
  "lg_g": 0.316143697528991,
  "lg_b": 0.6673422621808724,
  "rg_str": 101.98192632298321,
  "rg_r": 0.5233328316068078,
  "rg_g": 0.9921266556524377,
  "rg_b": 0.4396628042581826
}